id,probability
0,0.16405516384489927
1,0.17806360694501577
2,0.6450633406504345
3,0.23757029031528976
4,0.5945382983329645
5,0.5
6,0.25620764676215596
7,0.2379482197031905
8,0.19454252649902046
9,0.16762841443410198
10,0.2846220123691804
11,0.9385514025196764
12,0.2356346950696596
13,0.34309966624739785
14,0.5675458286890728
15,0.6467200183421351
16,0.19959171796571876
17,0.09198349287512039
18,0.6019197800097184
19,0.7318772694841427
20,0.1971804525361815
21,0.3007393280882709
22,0.2146014707892753
23,0.20199759615386031
24,0.5249006835637408
25,0.5085478382807949
26,0.24575813968224522
27,0.21770182857332557
28,0.1970959467401813
29,0.28682609409601706
30,0.1435952530748053
31,0.48989369568630065
32,0.3140601862224218
33,0.23230414938519028
34,0.22665175522337538
35,0.2525289446845469
36,0.328400187628229
37,0.18081150857118425
38,0.19175097544452085
39,0.44274510045347204
40,0.20180049044664528
41,0.1623671714975967
42,0.6453141965059936
43,0.1577477758009861
44,0.3349242464283578
45,0.1983788849337466
46,0.1503895423180555
47,0.1383678595285193
48,0.19888118136480418
49,0.35797544234895906
50,0.13351693243128088
51,0.10870575755479672
52,0.19106092930329402
53,0.15719314794908576
54,0.7326696311676202
55,0.26043632653479
56,0.14932236262913087
57,0.2140575524264745
58,0.5726048135859557
59,0.3341576673695889
60,0.7550777179600722
61,0.13872669077394878
62,0.5
63,0.14708017100295506
64,0.3060226998877104
65,0.19427080073691674
66,0.3421624201717365
67,0.13128049869570677
68,0.20644791978400315
69,0.1717679812173075
70,0.2030573054432812
71,0.18160998628566138
72,0.37054096477797266
73,0.2981158498006123
74,0.4334323729701222
75,0.1856406169927345
76,0.22539926798564086
77,0.20853827876502043
78,0.3131231228829839
79,0.1801761411236554
80,0.38605390896468256
81,0.22378728369316633
82,0.24066619261188063
83,0.37625949519095747
84,0.28147271838051685
85,0.18012487733738042
86,0.19993131944528855
87,0.21168876963995029
88,0.17948080360341956
89,0.3892316309847656
90,0.33339921035213205
91,0.22556153028690742
92,0.3357196947782185
93,0.37245330837918794
94,0.2714652777648442
95,0.1588262590357978
96,0.12495780992512238
97,0.18376211410669419
98,0.26495480695328616
99,0.9589153808840853
100,0.20335371848539796
101,0.24235391353531646
102,0.17317690567500338
103,0.194220438208001
104,0.7384958311084804
105,0.2452502368152323
106,0.26758162164975263
107,0.180090267797922
108,0.11116538631200473
109,0.1256957585736721
110,0.7518434476285231
111,0.2815259556318484
112,0.2206961503010348
113,0.38387799779187726
114,0.12097869288638147
115,0.39512540586788425
116,0.15993189464827084
117,0.16921611240208395
118,0.4698042445102442
119,0.6412328746869626
120,0.14058515212261152
121,0.29019613883157663
122,0.13453131661255072
123,0.37903658832277176
124,0.20784291284785844
125,0.5896763368295564
126,0.5540266592304803
127,0.25952426015865365
128,0.22505746967818846
129,0.22611922567653103
130,0.22919708712281897
131,0.5073380042004887
132,0.19948922076438183
133,0.28770201469629564
134,0.16340693913923277
135,0.1082057195867797
136,0.4416690565400304
137,0.2176950456929043
138,0.19135891258283017
139,0.1339676146385408
140,0.17325647077970965
141,0.1835679106235417
142,0.40327247110064096
143,0.12435986722122915
144,0.16895514497561262
145,0.21998310348866792
146,0.2581340374774166
147,0.2401490711238842
148,0.2604350768682674
149,0.1633662288588923
150,0.20471578737468815
151,0.5392164856711954
152,0.22279085274108687
153,0.524028529662905
154,0.9089345852685317
155,0.24058835955221153
156,0.3391288943920596
157,0.30013292511007716
158,0.7337991363354565
159,0.184285574580969
160,0.8082166357673893
161,0.23943132767474157
162,0.21833045944152685
163,0.37503777716527514
164,0.8831035607171089
165,0.285870223997863
166,0.5
167,0.2488870809130597
168,0.13764319085643545
169,0.3783707441879306
170,0.27039904480177357
171,0.31834184876602833
172,0.6094509470031892
173,0.2337694918569705
174,0.3069519007617636
175,0.7568616804691977
176,0.8295678997933674
177,0.7791008427845008
178,0.5186211738208576
179,0.821293168228134
180,0.21652496644262512
181,0.8431285322523844
182,0.7105770444026512
183,0.1633290202022243
184,0.19537013175610626
185,0.5318338847399343
186,0.884335040870541
187,0.1942405993795908
188,0.44442169367265405
189,0.2749030357252909
190,0.2985452048404339
191,0.2571070329836423
192,0.36649699193566043
193,0.24103707366048335
194,0.9382858240326337
195,0.6565716841250248
196,0.6706355765319375
197,0.1463833332809509
198,0.19446679069634457
199,0.45044847874811783
200,0.16393870775521305
201,0.31338100939477337
202,0.17425484030711424
203,0.7811673545301231
204,0.07849669796736966
205,0.1885154667883495
206,0.18031401904981356
207,0.30249836784494044
208,0.15404972914019757
209,0.18327517846242317
210,0.8891477719177204
211,0.6595667671348939
212,0.15475199517609015
213,0.21877281964505854
214,0.16186848312619254
215,0.30729733194206627
216,0.3290755217696235
217,0.26082049274377445
218,0.26747892132037504
219,0.412770698649179
220,0.5850167074306857
221,0.42940894869034657
222,0.3199922614241842
223,0.16248298341748305
224,0.1533042464382919
225,0.46331889350692257
226,0.22293425731725847
227,0.14439735292188938
228,0.1306049664770848
229,0.4913466310700152
230,0.13739750148997343
231,0.5195899073556376
232,0.21122405562304652
233,0.273085484077947
234,0.18877387617897587
235,0.28024389075219847
236,0.8731163380853784
237,0.43805276329060144
238,0.7924307445245455
239,0.26229163179716836
240,0.827591020213573
241,0.9258887295470116
242,0.18335702913319135
243,0.15364714181165323
244,0.24356724997634296
245,0.23477952102194008
246,0.1585529327084522
247,0.6449569019333882
248,0.16507338242674732
249,0.8676020324112154
250,0.6781239071096489
251,0.20964679021857963
252,0.6648448095389375
253,0.15865346213012663
254,0.11230654656498723
255,0.16566581500401187
256,0.42242128910605004
257,0.931373716940829
258,0.43163598584925755
259,0.30303957981186286
260,0.2180676320406814
261,0.7891604152332089
262,0.7414802888903924
263,0.24007047637269655
264,0.26443512784668644
265,0.5485547802354023
266,0.24671719269419795
267,0.41491498438901775
268,0.6487013298312939
269,0.20632017367960603
270,0.19210784754179203
271,0.7594721414539951
272,0.19977301795180447
273,0.8612484134754446
274,0.21031374412164427
275,0.12978983324034543
276,0.51400088384043
277,0.5435629945415287
278,0.28558242622090657
279,0.3790200606823468
280,0.3284220604231335
281,0.12874029440906715
282,0.6539196521146884
283,0.5363693780602852
284,0.3816691577160733
285,0.34391582914375374
286,0.2997361578185605
287,0.2925601733629731
288,0.21618789891262286
289,0.20405376300237754
290,0.23517029077578921
291,0.30462321485814736
292,0.7829661744795327
293,0.6272833149138993
294,0.3501084937551862
295,0.37855962345333455
296,0.36657338785542914
297,0.18535285205172697
298,0.3826344068109965
299,0.9025405499275507
300,0.19238348659367882
301,0.16518391808725216
302,0.5970068679089566
303,0.2691806631446647
304,0.5305243347426666
305,0.24762960373380707
306,0.710763364463782
307,0.11671995682970063
308,0.2541478972367376
309,0.38156891473505894
310,0.5677126474971991
311,0.1768771001645167
312,0.28728307035349043
313,0.624204780693931
314,0.8848485767624297
315,0.2741756593737386
316,0.19580660803698638
317,0.6529767881428733
318,0.45590366565705964
319,0.14822735395340786
320,0.3283165959028065
321,0.5260133788742674
322,0.8895039615904448
323,0.8411474622281726
324,0.35585141171348494
325,0.33050869971108354
326,0.20852234464210445
327,0.18228557172060728
328,0.29600458095027227
329,0.701179566151482
330,0.9406850508778059
331,0.21309380426782495
332,0.4938955268253566
333,0.2728776374735294
334,0.26359308628200573
335,0.5517316203547044
336,0.28164321301776707
337,0.32252721731331074
338,0.25081232904728645
339,0.17481178451638835
340,0.27005871200661796
341,0.17359307951103942
342,0.22202952831376202
343,0.7188467421827657
344,0.24712492361537622
345,0.17162107951943315
346,0.15904808158019443
347,0.18852012715239141
348,0.229714449551666
349,0.14982215903231375
350,0.3048561167853575
351,0.5354632836378719
352,0.23404357197366202
353,0.16716105397070466
354,0.21245869544263235
355,0.1062370384406093
356,0.17980406258142775
357,0.35510369957372256
358,0.10643743155212788
359,0.7371531196703722
360,0.1619373971955651
361,0.33697258844592287
362,0.3949667599109239
363,0.2272923026931535
364,0.19906321762579957
365,0.37162565556693483
366,0.12341474999709434
367,0.6971960252161832
368,0.3148080382569949
369,0.14903379599452815
370,0.202478642717972
371,0.2040441864142077
372,0.30240365521040663
373,0.3060546475613033
374,0.20553693050856592
375,0.38971884654870614
376,0.17238138978752696
377,0.8202631658459709
378,0.7426731742459431
379,0.1343658409401111
380,0.7864838873001174
381,0.2251368314823599
382,0.2599984520558594
383,0.5389653481051151
384,0.24282597444510892
385,0.14733326159813648
386,0.3148445874172922
387,0.2717907376373965
388,0.3327158167021224
389,0.3433405577725564
390,0.18814821877250987
391,0.8208040433355763
392,0.5
393,0.8033853768556535
394,0.9785998529101315
395,0.13238838395948396
396,0.3462394975656213
397,0.2509225288809406
398,0.24945420482936337
399,0.196465003646755
400,0.1672221540131942
401,0.17645742912303336
402,0.21485620953159928
403,0.15538390908474292
404,0.21184006917199674
405,0.13156666767577482
406,0.46822194039359233
407,0.9296018247253456
408,0.22619231954242852
409,0.20399204980306807
410,0.25944898499290603
411,0.5243107288839974
412,0.7197153331376446
413,0.22537437101343824
414,0.237647717832106
415,0.5086008680380864
416,0.14524903586227525
417,0.47825013090606816
418,0.15148253581094956
419,0.16262447364270285
420,0.3984618466307395
421,0.26652544046095145
422,0.24336264471412417
423,0.1996606664547529
424,0.2836231635722023
425,0.3893269127800511
426,0.20659333914892924
427,0.24482257760581896
428,0.27465820532043583
429,0.2978848552612471
430,0.4079805842659541
431,0.15745092999296562
432,0.2945439642981928
433,0.5354718001905567
434,0.29800410028532565
435,0.14798740258822293
436,0.9210803317230158
437,0.3293529732148429
438,0.1606494775369973
439,0.16777858639597787
440,0.2805455085379965
441,0.8446186270127708
442,0.18828737027694037
443,0.2855289137228996
444,0.14254333255668958
445,0.6126018263571478
446,0.14275000877268182
447,0.21927513349810965
448,0.16356179979993712
449,0.17590860011650622
450,0.11681483013898894
451,0.855911849506994
452,0.1159712460521294
453,0.10197030863767215
454,0.1785200103171505
455,0.5394813322992653
456,0.2908041959391253
457,0.16210079644785502
458,0.301230414028124
459,0.6227759029834862
460,0.21135579474322422
461,0.204009624278967
462,0.2268338638840007
463,0.18371721375046116
464,0.22145685772319323
465,0.4849183801720775
466,0.1875613222922641
467,0.40954366591899305
468,0.30751058712949536
469,0.3222638986807427
470,0.3013477750623437
471,0.12755433499997265
472,0.15885477856939395
473,0.45424170423652627
474,0.6820582293287696
475,0.3793705483263947
476,0.19276618717513858
477,0.32195616029552526
478,0.25087272135736105
479,0.30213037734416825
480,0.32818588531932974
481,0.2537932726534067
482,0.7115865239191982
483,0.25567011163853004
484,0.384310741941792
485,0.2801694224489659
486,0.35302578336971546
487,0.131139646383515
488,0.19389275546424078
489,0.32790744717887405
490,0.8921964471076562
491,0.1467604022223687
492,0.2554735575713363
493,0.18960394465020697
494,0.2810939536983905
495,0.2537628224930623
496,0.23753102300764647
497,0.3330859124619027
498,0.7226022198064103
499,0.22552475155816445
500,0.1530285507825462
501,0.4659159087404584
502,0.42548382912230087
503,0.15069279559150472
504,0.13532871320603254
505,0.1878757667236524
506,0.40800796481487767
507,0.1765004332334759
508,0.4297383342914678
509,0.17440052809540207
510,0.6008208633070815
511,0.14523440070919633
512,0.1697209343396533
513,0.20666650308550913
514,0.7811459820053991
515,0.843600794611546
516,0.4562517342533789
517,0.1631614438984873
518,0.1783431644237002
519,0.144133239276261
520,0.19290352843803624
521,0.8397387869225493
522,0.4587551755235084
523,0.4469485567532419
524,0.21506617736723427
525,0.276941880340735
526,0.5
527,0.13624393989571143
528,0.27012864089316413
529,0.9037773500578256
530,0.31114674868081194
531,0.1960647460776446
532,0.7447608469317148
533,0.18255545013266936
534,0.22728370280232996
535,0.4185436943931707
536,0.1879045105802929
537,0.19036264682893247
538,0.14675908937167653
539,0.13134944500786622
540,0.29982026965445574
541,0.5740213339305755
542,0.16801797704540217
543,0.9480794270307168
544,0.4415559272278095
545,0.2674958872153479
546,0.11962841649392933
547,0.26995892168647906
548,0.17459114721961264
549,0.5071272330797619
550,0.3297519267661192
551,0.26570530439146445
552,0.8070003730619859
553,0.1520318066793128
554,0.314316869139237
555,0.26787623732593224
556,0.37055407051867323
557,0.2619726777795543
558,0.22519718453556462
559,0.30021567323581994
560,0.3878991330927228
561,0.21134304273924975
562,0.7005467324881757
563,0.13867171112009402
564,0.9661296450038032
565,0.17339647627721771
566,0.19734244480492655
567,0.3834584985467682
568,0.1639282690136554
569,0.20158402983100154
570,0.25281639700327097
571,0.15605792477115316
572,0.20255886409209997
573,0.7839459172160322
574,0.15366031324514515
575,0.26515267472759707
576,0.09484525251290538
577,0.38268237027895524
578,0.23870028187708756
579,0.8136469567566401
580,0.17083516362553974
581,0.34323190951587496
582,0.2704871834297218
583,0.3708472899922063
584,0.33672980101776273
585,0.7737508851403074
586,0.1608008476360541
587,0.23329735184622807
588,0.318270115154135
589,0.144275231127519
590,0.7777061462999149
591,0.9536691734385313
592,0.24730451387144708
593,0.1688383135097765
594,0.2796572121234454
595,0.21939197379931233
596,0.7975351120378293
597,0.2974709606207089
598,0.13151604853263282
599,0.3330372697734803
600,0.9433746808243169
601,0.38007835954303626
602,0.14067427438297578
603,0.1498943570421778
604,0.16351890177772352
605,0.20576772414237232
606,0.2917750962606932
607,0.19880623471621747
608,0.26257472001653115
609,0.6314407942323818
610,0.6019432260293592
611,0.13890408533632947
612,0.2403624243277427
613,0.15229355339223177
614,0.24040221077912735
615,0.6651971663226129
616,0.6470394406620119
617,0.25963867361618154
618,0.17956048106647912
619,0.1620862663405461
620,0.26474551543381186
621,0.9920949543571295
622,0.2203697821856803
623,0.7150045809231577
624,0.5438443933911167
625,0.5664366544463607
626,0.30492687481341463
627,0.1430331270796982
628,0.29036102859425
629,0.6075086093609582
630,0.42556685920904713
631,0.4733028652559897
632,0.3449542588081895
633,0.14839900269868495
634,0.7119776192536845
635,0.3459027134482274
636,0.2180544368770629
637,0.1107794124319964
638,0.3062279644230702
639,0.1786168391143661
640,0.3361153450200757
641,0.34991743218905746
642,0.2091326847197641
643,0.2568087749632191
644,0.4591712497966811
645,0.30895308324546794
646,0.28207321750812564
647,0.24483461409533647
648,0.13481519871610032
649,0.459400145857071
650,0.6620672730251224
651,0.3188126911082341
652,0.8280663916205037
653,0.47890933979633776
654,0.2574803018151355
655,0.2721740935943883
656,0.23903515257818495
657,0.21299806382756842
658,0.2864180791110595
659,0.8404045480693879
660,0.4062088756898691
661,0.12755480256652585
662,0.19891385679162701
663,0.2695190314517338
664,0.2260832816689565
665,0.3368530137509223
666,0.16645333221266811
667,0.12738853148551083
668,0.1910130509763901
669,0.19510075262827267
670,0.10715392304856192
671,0.24907480919402408
672,0.5509924699276595
673,0.20485159121945978
674,0.7614801571194456
675,0.15000684257028113
676,0.751447054895262
677,0.25888946119524053
678,0.3968570548273056
679,0.2278629088786043
680,0.5832373486388281
681,0.34540109900110816
682,0.08389564820735416
683,0.37563903763706863
684,0.19371336893723953
685,0.5963823819455212
686,0.2161956955343788
687,0.1941116349358841
688,0.22679997101810534
689,0.21103631718997634
690,0.09690111146007224
691,0.32043048088602344
692,0.32829169004457137
693,0.5314143050410874
694,0.07557765998043628
695,0.1669352287303405
696,0.13972921676711317
697,0.21165512531679861
698,0.2621247927179202
699,0.44427934971103794
700,0.4346411321353636
701,0.48041051678322433
702,0.23623001412986963
703,0.48217413005064996
704,0.23130401236320686
705,0.1676975356160192
706,0.15911498043546157
707,0.1975173331166806
708,0.1515510217791253
709,0.1005848718159293
710,0.541591806949907
711,0.276550864457191
712,0.17774751060909597
713,0.46781122349236315
714,0.16237781645978328
715,0.40731000190973593
716,0.3378605697897442
717,0.2726519556085795
718,0.47015221323682477
719,0.1470307776583507
720,0.12451927622319359
721,0.1798010822100433
722,0.18756765387337138
723,0.439670799075634
724,0.8130874670589066
725,0.7546194856392842
726,0.34289856601370194
727,0.7538883763158029
728,0.8241479311629637
729,0.1585504105465126
730,0.18442057995829333
731,0.22775174208673343
732,0.3025785591378255
733,0.17457963194897336
734,0.3164254372623642
735,0.523804541797648
736,0.7742637939512177
737,0.21073248604238415
738,0.34889037909802056
739,0.30077336374815306
740,0.8556695653125713
741,0.2194546511648042
742,0.6101846468030561
743,0.13722671193664057
744,0.1291757892194259
745,0.870481097655704
746,0.925249003257681
747,0.5
748,0.5089976358124457
749,0.17290157350935836
750,0.2798062254839083
751,0.39879988865090626
752,0.18987362058166984
753,0.16217744494503555
754,0.21588557833126726
755,0.164095496322191
756,0.20649953808511545
757,0.8541070860303626
758,0.2129563052897453
759,0.5190801336887308
760,0.27867162373015686
761,0.3154142991038347
762,0.6467230997401827
763,0.2677839790130121
764,0.38866179972787523
765,0.2801571615292465
766,0.12955227673368497
767,0.2127254796982102
768,0.1605161396051614
769,0.1780580712459845
770,0.15963629869898394
771,0.26828149747731783
772,0.2407489607885342
773,0.21713238331871762
774,0.8094243398157409
775,0.7925482396180763
776,0.16159442197255725
777,0.1561483287693532
778,0.4107304731897252
779,0.2571108324535254
780,0.3728913478632051
781,0.11818072776993524
782,0.19167967294321742
783,0.2742308993926722
784,0.36294081675189666
785,0.31763700111410126
786,0.14885484889713999
787,0.2539727874101663
788,0.18184731371342738
789,0.21124018087948984
790,0.18541224972322623
791,0.30086051470470493
792,0.14434599954886052
793,0.20307383064925924
794,0.3900279735298119
795,0.33443244529166877
796,0.17634174056577845
797,0.3775520272015463
798,0.14288126600781959
799,0.3532358601529429
800,0.25140454311749
801,0.17491602562860856
802,0.8402641653234824
803,0.3435986474063732
804,0.17322056183756862
805,0.2284492043636422
806,0.20525858537684807
807,0.5558582396647896
808,0.8246733889323704
809,0.7665285748476731
810,0.09276835051808065
811,0.2534023534919252
812,0.3908374831988525
813,0.22062400736911833
814,0.22316147968059397
815,0.36019810062010094
816,0.15333240524594668
817,0.19882725270735788
818,0.22990286622897835
819,0.20216984690817263
820,0.2400979331801198
821,0.0887740621365044
822,0.5105769134462139
823,0.14712061777382673
824,0.16553848491597153
825,0.8169958439322139
826,0.3500878986798585
827,0.13481674105975802
828,0.3813512387479587
829,0.33556795825356406
830,0.821739419307673
831,0.6553714766154352
832,0.1813797640994594
833,0.18112754583227392
834,0.18464680752694126
835,0.3431297730559843
836,0.9250291919411636
837,0.16572743458045253
838,0.21634118524409243
839,0.20771875111642016
840,0.34842724053725616
841,0.31528434805545746
842,0.8615462670565784
843,0.6360678394636574
844,0.6804141499203862
845,0.2526855896036082
846,0.4677536825885059
847,0.38135372312772065
848,0.27561128382439665
849,0.2504174781829497
850,0.2082123128234357
851,0.16357280092190457
852,0.5191879657213938
853,0.4125788681593946
854,0.10437282527942576
855,0.20383127066843115
856,0.2145586805305094
857,0.5283570837822946
858,0.27694174293680657
859,0.19715652480136914
860,0.1195785422828939
861,0.2767262455978617
862,0.1985647520631129
863,0.16064914677890418
864,0.9262008651331405
865,0.22453139748150047
866,0.18048146835185438
867,0.23000853779852332
868,0.26482196237313416
869,0.37557954084587053
870,0.8649677986247057
871,0.094766026593525
872,0.3139340401733643
873,0.2984383278735953
874,0.23720096597219584
875,0.23696246449477718
876,0.12295645496487172
877,0.08394689984809979
878,0.1363317889655026
879,0.21201860953401871
880,0.22460528059215212
881,0.19947394182249045
882,0.33083910581253045
883,0.8333889803990382
884,0.1694001000806895
885,0.4460750348167087
886,0.8595994160908933
887,0.27739851329356646
888,0.5932491437155667
889,0.3280225900404311
890,0.14351460594459176
891,0.5698852904332777
892,0.5491835436530466
893,0.7712525814107956
894,0.20930216196055132
895,0.25190327071053575
896,0.17856146699680095
897,0.1723675567880808
898,0.5759715085067487
899,0.18061799863033687
900,0.8097658032961752
901,0.17344687321190422
902,0.22566941914644165
903,0.40449045182558163
904,0.37599878373424434
905,0.10480478227038677
906,0.7369261742207591
907,0.16341177497700463
908,0.8767797877950656
909,0.44409086441495305
910,0.35444835736557295
911,0.21768182569974798
912,0.09428845581701446
913,0.366169374831099
914,0.09655681575555335
915,0.3502839601170679
916,0.25325590274386633
917,0.31351400769915394
918,0.38512213605559287
919,0.42636428015272076
920,0.10798038094595866
921,0.3720285287541951
922,0.405845192424888
923,0.3134101374376397
924,0.27588485341428987
925,0.757076658246854
926,0.13045908931942382
927,0.2561581475928026
928,0.19039526494873754
929,0.2591750133394788
930,0.27237032582578835
931,0.31228805803132564
932,0.5619514538882477
933,0.15031311294796426
934,0.1343937405324002
935,0.4824302322159855
936,0.7578664278574762
937,0.8576179230681564
938,0.17277992081627624
939,0.7544864364488599
940,0.18659631165575552
941,0.3505227490861595
942,0.24402155760230787
943,0.19692549757042713
944,0.22923239980035204
945,0.36826743792869465
946,0.20958722743713107
947,0.11191533941751679
948,0.23063187387485423
949,0.23746949331265674
950,0.3950803632664684
951,0.202003635883416
952,0.5860249805785862
953,0.13022428018034274
954,0.18435132354232514
955,0.5506148914792348
956,0.18929568890291684
957,0.17506208794077008
958,0.2995954964610293
959,0.15086276410446925
960,0.24848548289766506
961,0.19625840282047047
962,0.34893083282088017
963,0.34061140436723325
964,0.14882246388905743
965,0.19626131542181538
966,0.8778193155854547
967,0.3930651353583817
968,0.9123871217774273
969,0.18485857958856275
970,0.627525207587513
971,0.22165399857098309
972,0.09465802177058583
973,0.670367981228158
974,0.4485745959937039
975,0.5484666582274705
976,0.7674002797961282
977,0.2943708688680535
978,0.5877106770152978
979,0.2614748218863406
980,0.46103535012002334
981,0.8345970174398023
982,0.3176930685136559
983,0.3139862160463367
984,0.7219749798425764
985,0.3021860480279456
986,0.3722964294217361
987,0.6953926441034318
988,0.34354626696256757
989,0.36753062109393553
990,0.23397224565123634
991,0.24635856294936564
992,0.3572846883876292
993,0.6248257501466604
994,0.07825190938678342
995,0.1796173397185949
996,0.36585793282761503
997,0.33359570854209675
998,0.5090814540561368
999,0.2648447538439883
1000,0.16099621476660816
1001,0.18136327494938898
1002,0.5225688292038377
1003,0.09202617975684706
1004,0.17528575161770527
1005,0.217462106908904
1006,0.17598315420523233
1007,0.7592697063914131
1008,0.24930715291509198
1009,0.24348475713144216
1010,0.16900561109867002
1011,0.06708388999062474
1012,0.45843431087354747
1013,0.26782018034460214
1014,0.21424759966298812
1015,0.742474287330522
1016,0.21320693593430726
1017,0.2461035078105352
1018,0.3313868196142095
1019,0.13677693874400573
1020,0.5846325576068138
1021,0.15725687373789182
1022,0.6421046738184376
1023,0.2008518371216797
1024,0.16432705078119456
1025,0.19714761980345813
1026,0.07952895644263938
1027,0.18319914073436877
1028,0.25345059251456775
1029,0.3769396999844182
1030,0.5573586074480457
1031,0.507838972294008
1032,0.16994496046962404
1033,0.3819319944166173
1034,0.7201463672874701
1035,0.24025534708142238
1036,0.22858220445229852
1037,0.16424104061427766
1038,0.2223563059396052
1039,0.6713541065429537
1040,0.7718655749413361
1041,0.6689857980424102
1042,0.19887492523184078
1043,0.17054728436324196
1044,0.06542793115583587
1045,0.19435849040657843
1046,0.797517075916258
1047,0.22484006893344716
1048,0.7523331458809356
1049,0.5812862219061392
1050,0.6688677616971542
1051,0.288565444491992
1052,0.14989866467646468
1053,0.27590049580405207
1054,0.2572331400629257
1055,0.4847491188196035
1056,0.9184530754124838
1057,0.11725713592349984
1058,0.30252973797069105
1059,0.6513881160097031
1060,0.18862427394472397
1061,0.8425981237081872
1062,0.5863961748495368
1063,0.4508425693652402
1064,0.30018885287885055
1065,0.5857131269271943
1066,0.1475934061543395
1067,0.29942294769740774
1068,0.1646717002052146
1069,0.18854595713377906
1070,0.33663254380926005
1071,0.10740815018210943
1072,0.21674692145595806
1073,0.5708883396455179
1074,0.2263420673648999
1075,0.2524508206168125
1076,0.7098318124253624
1077,0.15416162228549216
1078,0.6666418357965667
1079,0.6034619017438924
1080,0.2000213306550132
1081,0.7532614452347975
1082,0.22042080923135612
1083,0.13151719640859072
1084,0.8806932285636314
1085,0.19252371530768042
1086,0.7961129524317035
1087,0.1783717743509928
1088,0.4875231801893142
1089,0.4581081486394348
1090,0.580289288532782
1091,0.583672180519886
1092,0.33289833919443756
1093,0.8123397101179812
1094,0.1717913701225904
1095,0.7133494274792743
1096,0.2804276085623978
1097,0.16773117570060272
1098,0.6540311040700616
1099,0.13290173296413724
1100,0.16920552084243823
1101,0.7007359527557355
1102,0.15876845229728942
1103,0.15195542756282196
1104,0.4275057489488337
1105,0.801294120964383
1106,0.1581475878379097
1107,0.17500657277293502
1108,0.16149188215432825
1109,0.413414768753078
1110,0.23638771545397916
1111,0.39545189821107446
1112,0.14291325996099907
1113,0.8725293363974965
1114,0.3302213864343268
1115,0.14889379854839177
1116,0.23149215582035976
1117,0.20157928075592305
1118,0.9586788100189454
1119,0.2067026265589859
1120,0.2506240013296236
1121,0.9167432384860692
1122,0.15006004978112344
1123,0.72614894542003
1124,0.1359792847826101
1125,0.6883966909729221
1126,0.34176592476686823
1127,0.6444931378910748
1128,0.2701286919875228
1129,0.17058739801209258
1130,0.16281607829822728
1131,0.19902348547429485
1132,0.12803455187400695
1133,0.15554724173975717
1134,0.17976360333743027
1135,0.1942870411327732
1136,0.22980706407207013
1137,0.2228211198932322
1138,0.3618648481767003
1139,0.2450087762368905
1140,0.2243689164998508
1141,0.27086921568295286
1142,0.09833398608345247
1143,0.10388464875769121
1144,0.2809667952319971
1145,0.3702716982304371
1146,0.5171803079770846
1147,0.5976682409038685
1148,0.21992996349884641
1149,0.16698901336431649
1150,0.7707593834990674
1151,0.27547835570223866
1152,0.12397647364488616
1153,0.25967654956088154
1154,0.22935269186662136
1155,0.2985168641859439
1156,0.09923598232941452
1157,0.9497171802826767
1158,0.22830062805230064
1159,0.21493850223501837
1160,0.14967556701909734
1161,0.3996033606364508
1162,0.11635824644126551
1163,0.37044128823609895
1164,0.23900488930640845
1165,0.3704435471556542
1166,0.12896153888462206
1167,0.36523051313932664
1168,0.23471873719746866
1169,0.20876841620215772
1170,0.9633492096470098
1171,0.35803034553571766
1172,0.4910450910656659
1173,0.5767916557468546
1174,0.882523882726403
1175,0.12538155443115861
1176,0.21767819919663814
1177,0.2714454149930855
1178,0.34681342357900263
1179,0.32025158283665256
1180,0.7608267335782959
1181,0.4904169930896448
1182,0.4103638561009858
1183,0.6959325002150315
1184,0.6426571023344848
1185,0.14367226548484155
1186,0.16332278978798323
1187,0.3275408436632474
1188,0.5064077065082709
1189,0.2024849779530837
1190,0.22189227585342258
1191,0.19208287555655856
1192,0.3802608593089965
1193,0.27816408433361384
1194,0.17235308491348247
1195,0.1885815814531749
1196,0.14347953437425243
1197,0.5793739734692224
1198,0.3952157235724922
1199,0.48521153577147236
1200,0.22302737874438097
1201,0.10692081601157119
1202,0.24276801338659673
1203,0.22572224348553904
1204,0.32749562978413527
1205,0.2325347496536497
1206,0.29333927995810494
1207,0.18658406424828866
1208,0.3889054945314376
1209,0.26385544232189717
1210,0.15559255647856507
1211,0.22630974121695097
1212,0.1455417033986893
1213,0.18341622628868723
1214,0.21039368215935664
1215,0.22592368220073372
1216,0.3628769392159
1217,0.7388994232902951
1218,0.178329389326036
1219,0.4577338022822324
1220,0.2789759748320444
1221,0.23073464234967458
1222,0.3540152418440742
1223,0.9337792758229403
1224,0.7478163972038454
1225,0.4210458167676227
1226,0.6943861937654815
1227,0.30636094635708094
1228,0.1870542140532967
1229,0.15952320379035434
1230,0.2015577062335955
1231,0.7671591651699388
1232,0.23237048215783085
1233,0.5173811789300653
1234,0.5
1235,0.2671872793888742
1236,0.35397477612855166
1237,0.856886834767427
1238,0.7880677011172389
1239,0.39075478361201377
1240,0.6896932554369342
1241,0.9055050384518454
1242,0.8549475682702026
1243,0.6937799393052775
1244,0.7431498282428776
1245,0.2755011308624602
1246,0.16456934244972263
1247,0.16010634910710955
1248,0.14898444194174548
1249,0.7173369278668422
1250,0.15923500856283082
1251,0.20047328323214753
1252,0.3290149781806755
1253,0.2823192053444403
1254,0.17712218736595414
1255,0.3125925348461598
1256,0.49102826439108166
1257,0.1393773097019481
1258,0.2755951371761481
1259,0.2298146713626133
1260,0.17339959509331715
1261,0.15595868980054517
1262,0.8263240988068287
1263,0.15987620627623558
1264,0.5844756199171346
1265,0.5910218934112043
1266,0.17780792409201776
1267,0.2056504963079677
1268,0.3512308617785365
1269,0.3023533887507706
1270,0.4189936135804832
1271,0.5740171654987887
1272,0.4805556404497566
1273,0.16797493875260058
1274,0.2907832210244497
1275,0.6434386815111061
1276,0.15409370477411632
1277,0.2865374441621337
1278,0.33273858923734084
1279,0.18079856621532084
1280,0.23535735401572327
1281,0.15288457451454865
1282,0.1554233820083875
1283,0.18379929430858558
1284,0.4380610465027176
1285,0.17941155476251974
1286,0.0663064892170654
1287,0.21674030163916272
1288,0.29759525030238454
1289,0.21092858706773643
1290,0.5805044249123329
1291,0.3112959408400153
1292,0.21799769950870443
1293,0.4427517762801561
1294,0.23200314110958034
1295,0.19104191927208838
1296,0.23693230668826246
1297,0.21344996585112508
1298,0.3589490885120508
1299,0.8204797830648994
1300,0.43875420605403664
1301,0.22145389179433908
1302,0.21273756920769327
1303,0.14105075229616318
1304,0.21826099385382852
1305,0.18025387529858294
1306,0.1485828593851302
1307,0.3430948183397777
1308,0.40750111003033845
1309,0.3430426210024923
1310,0.2527734495030347
1311,0.22852961379560993
1312,0.2575679418486033
1313,0.27584366009393646
1314,0.2894037113380637
1315,0.20972647478826975
1316,0.38831594327304153
1317,0.9050107035863338
1318,0.19958560326804975
1319,0.15570391915670947
1320,0.5434764116499451
1321,0.13427662294416448
1322,0.17915767160766652
1323,0.6480727443360689
1324,0.27799979506930467
1325,0.7976602173398474
1326,0.24359598455563916
1327,0.16332815395061545
1328,0.5062580818060733
1329,0.1002236396464002
1330,0.3381898155437014
1331,0.25155237808202807
1332,0.1724482162689944
1333,0.26024047513516196
1334,0.29656372082954
1335,0.16324291984438768
1336,0.4501140145249325
1337,0.24152342374425587
1338,0.7380260577143127
1339,0.1870909386223627
1340,0.5878788604320594
1341,0.6819600606879679
1342,0.17169360726125554
1343,0.2386359768174498
1344,0.17463073476651977
1345,0.6939439774407523
1346,0.9023869024533401
1347,0.2636098907900684
1348,0.25941697331493013
1349,0.106162135406062
1350,0.23024734001540506
1351,0.18618991128267032
1352,0.13539012389297347
1353,0.4538088834602302
1354,0.3370261429573122
1355,0.2733231193013503
1356,0.39658122380844646
1357,0.18456983181412995
1358,0.377054251273856
1359,0.21245166078312466
1360,0.3905538176405525
1361,0.33974832497586793
1362,0.14181026849322334
1363,0.3414672182662525
1364,0.16843808509691294
1365,0.28829572557802746
1366,0.26533697256827266
1367,0.22935366674752186
1368,0.1780580773278135
1369,0.7810630657583094
1370,0.8714376067551933
1371,0.23080716558077127
1372,0.7785287705131098
1373,0.8692719550113407
1374,0.6230628835911404
1375,0.15353743664351882
1376,0.1483152743489783
1377,0.26846492663129434
1378,0.2958234675979174
1379,0.4332060984488294
1380,0.3490995150196537
1381,0.9433338426220529
1382,0.16292223935193406
1383,0.4256371739932025
1384,0.9930192384868508
1385,0.2211985658355932
1386,0.29213794084567835
1387,0.7576789233070226
1388,0.16880260125757712
1389,0.1757289914751373
1390,0.2817567873182766
1391,0.17350669522850695
1392,0.10226689436779068
1393,0.22593107729149575
1394,0.38705086382966863
1395,0.2929864996114115
1396,0.8669262819627753
1397,0.2436256472069831
1398,0.22755738970690972
1399,0.28800905055494724
1400,0.2291541278649907
1401,0.29022549034242684
1402,0.1749381635465541
1403,0.6166706317134812
1404,0.21810304746510628
1405,0.24255069424538078
1406,0.7280459815469857
1407,0.3671720695515779
1408,0.252798719091028
1409,0.23648849881999723
1410,0.6041637383968315
1411,0.11961316392042723
1412,0.26565475460491256
1413,0.2910949276149115
1414,0.672665552435079
1415,0.15413833861521967
1416,0.17308802154408046
1417,0.17818329526920315
1418,0.37184173272335935
1419,0.17309245005154358
1420,0.9320858294514144
1421,0.4225265102292659
1422,0.21607425788636794
1423,0.5770585812473459
1424,0.1530282246201155
1425,0.23087843672514216
1426,0.33456438615651585
1427,0.24171830880342787
1428,0.14242693102091997
1429,0.1462454279449247
1430,0.9631438854654295
1431,0.3824240838003563
1432,0.2932117579690396
1433,0.17578895374733247
1434,0.24613249473939314
1435,0.3701011104972102
1436,0.25720664465072546
1437,0.2628354481964636
1438,0.21807303612333476
1439,0.22949421268611583
1440,0.40555070233317964
1441,0.8141971383142369
1442,0.3499173883015224
1443,0.529851625438208
1444,0.2006670252357045
1445,0.33217744482678835
1446,0.20606964894705582
1447,0.15242140489446912
1448,0.1586739996032717
1449,0.2204949648869329
1450,0.23839805976037667
1451,0.13605270310906728
1452,0.18261445455884376
1453,0.16328569333922444
1454,0.25080873930770997
1455,0.8539470044749556
1456,0.5597158342040973
1457,0.5547759772320889
1458,0.1075732772851677
1459,0.8648796356674532
1460,0.8738581686720359
1461,0.2141139104862843
1462,0.9663069201250152
1463,0.24736291549961828
1464,0.580987072969406
1465,0.2776417491552634
1466,0.17752366647066023
1467,0.861912474983204
1468,0.10310415726839921
1469,0.8057008854181039
1470,0.18743790169295504
1471,0.878198012090594
1472,0.41747560429995006
1473,0.3156158733973975
1474,0.2791926247214006
1475,0.24402306310124441
1476,0.21545856530809918
1477,0.4937324754392745
1478,0.2716751274526745
1479,0.2277387655610429
1480,0.28308578580028887
1481,0.5131777003841603
1482,0.16559189551594558
1483,0.8408910560562549
1484,0.18241311916725642
1485,0.8354092168541671
1486,0.20463771744635284
1487,0.10252472412187068
1488,0.1991398407876687
1489,0.19062224105552417
1490,0.25247252298181605
1491,0.5434188760186497
1492,0.22757577152676334
1493,0.1377430028803245
1494,0.17693582640136915
1495,0.22198518213395138
1496,0.18447799804455123
1497,0.9881698146801768
1498,0.29035183157381306
1499,0.33483933979062025
1500,0.16914805480134254
1501,0.1829024670973208
1502,0.14489341359747246
1503,0.8082826289177668
1504,0.3709951053387121
1505,0.3369338173888093
1506,0.7411253506998032
1507,0.23464290007848565
1508,0.3635266244690982
1509,0.7839139339562309
1510,0.2898389618356115
1511,0.7121449785158405
1512,0.16629590232794667
1513,0.12050651842435267
1514,0.4349264032242217
1515,0.20661601372451974
1516,0.29657158156013
1517,0.27467416999589833
1518,0.31061601446090736
1519,0.16796270889984954
1520,0.4393912492030741
1521,0.6526452836674311
1522,0.31624014772425907
1523,0.16584113883954643
1524,0.4878599350497206
1525,0.5119359140210745
1526,0.26322229141454784
1527,0.7406121324923367
1528,0.2740573216806313
1529,0.280498803782815
1530,0.6061008918346645
1531,0.570418266069196
1532,0.1686183448138138
1533,0.14665605095849846
1534,0.14443413922113
1535,0.4306221566801372
1536,0.1922502887569863
1537,0.20716632259718756
1538,0.2399124010384819
1539,0.1541877750214501
1540,0.16524877182292372
1541,0.7541776629264797
1542,0.6803760465748679
1543,0.20931756949115315
1544,0.3534418685702022
1545,0.2545175962122337
1546,0.24780712016538442
1547,0.658641226032024
1548,0.13977682052851528
1549,0.47744628829030106
1550,0.198628864028628
1551,0.14736566886032718
1552,0.510657784848693
1553,0.13436960130517753
1554,0.4830279985284582
1555,0.2921673233058893
1556,0.5653069661939999
1557,0.1634984131997472
1558,0.17266842307643182
1559,0.31144444752309264
1560,0.18114371331679538
1561,0.6345252885180278
1562,0.2013440242586562
1563,0.300462354862233
1564,0.30828273446251614
1565,0.15842499198929072
1566,0.3810177132491793
1567,0.18998608269106582
1568,0.31709598768607133
1569,0.6399791639529864
1570,0.26806816253587495
1571,0.2594403889840713
1572,0.7303977772748297
1573,0.7888636003964485
1574,0.29263286559855467
1575,0.42365620306094137
1576,0.20728055304718435
1577,0.4765944819266906
1578,0.39430986762004877
1579,0.132235969241524
1580,0.11435729748184283
1581,0.16406391418585045
1582,0.1075238592730839
1583,0.25125897053383467
1584,0.6838975579677912
1585,0.195511849492192
1586,0.16485319552785574
1587,0.2151601887364796
1588,0.1799278809090236
1589,0.5660101999661619
1590,0.24452015566660626
1591,0.5184803335651788
1592,0.29688291069568934
1593,0.1450358549452031
1594,0.8768777481199381
1595,0.3765969728918498
1596,0.32033216125734315
1597,0.3352708127562862
1598,0.1938886106861182
1599,0.3789986670546403
1600,0.26172786036007795
1601,0.19912184690425
1602,0.2424471524937819
1603,0.16151626964132773
1604,0.17897156297131012
1605,0.154274430602707
1606,0.29876364922781434
1607,0.23013948403309384
1608,0.23198786362210014
1609,0.7044637149765957
1610,0.3339212712843122
1611,0.2256269311435343
1612,0.5755867781804301
1613,0.17349219084579573
1614,0.29004896104701555
1615,0.18895716045662136
1616,0.3079708779745097
1617,0.2040399120605106
1618,0.8149726023937814
1619,0.17309105499531569
1620,0.14960965468861942
1621,0.7508931951693912
1622,0.24252859734316265
1623,0.2121803601379311
1624,0.7457161451093266
1625,0.6315162728053574
1626,0.26733620027690225
1627,0.3874125968515207
1628,0.40734079663607936
1629,0.7765832199401921
1630,0.2669849433037705
1631,0.20908666143206117
1632,0.19534497743705456
1633,0.20342753803783736
1634,0.5459917824000703
1635,0.22912585289342768
1636,0.2499356395972953
1637,0.7471104652399236
1638,0.164047726118266
1639,0.21712440733978064
1640,0.2542459446634977
1641,0.23750125794936155
1642,0.48561947684309814
1643,0.15899105687060242
1644,0.2016914709904586
1645,0.34473643652236496
1646,0.23785400359477235
1647,0.6484153762037645
1648,0.16147174619769342
1649,0.7148489252252939
1650,0.13471738263680164
1651,0.4717594423965145
1652,0.17009772795443867
1653,0.19644029713805838
1654,0.7978480456131037
1655,0.1971362526703148
1656,0.2671244420042102
1657,0.19419216634824785
1658,0.21869730426375006
1659,0.21670492068594577
1660,0.3284287940242775
1661,0.5452217008101323
1662,0.28337354017006455
1663,0.43795743104525386
1664,0.20397492647822765
1665,0.8116700170032077
1666,0.40449684506340094
1667,0.5569883397937868
1668,0.4172137968639983
1669,0.14367673263138328
1670,0.15444627654964055
1671,0.3427555656828075
1672,0.9869474216713322
1673,0.25527311480264664
1674,0.8705960796218272
1675,0.438784367793418
1676,0.138132043369937
1677,0.22156187876369549
1678,0.2758731435082292
1679,0.4472713681442111
1680,0.2122250435297771
1681,0.20789051610180873
1682,0.12311751594660493
1683,0.7326033060494992
1684,0.40228967999132625
1685,0.5422104563573754
1686,0.28165946940602277
1687,0.6975481360849914
1688,0.39596876310008905
1689,0.22348436323736165
1690,0.37280085647636285
1691,0.22715153705314484
1692,0.5173956193423135
1693,0.7069557068077518
1694,0.33095215277092815
1695,0.28813743360855076
1696,0.3390544632455292
1697,0.24055299290180426
1698,0.3196509105637729
1699,0.8251501633965219
1700,0.48082583390930755
1701,0.20673261609008806
1702,0.15747627917968007
1703,0.28195198732578763
1704,0.14420394701748238
1705,0.24465930804222263
1706,0.12062409521482992
1707,0.16884053126496637
1708,0.20534807350937206
1709,0.18261459798536772
1710,0.1748502395536283
1711,0.3547867525637786
1712,0.16173645578290977
1713,0.1005818492438095
1714,0.2966429351966483
1715,0.21728946704335234
1716,0.2363474683231331
1717,0.23039015682668385
1718,0.31922553055948927
1719,0.20238333864142866
1720,0.20957595191068334
1721,0.19781245864809777
1722,0.3623852887443352
1723,0.38916094845518995
1724,0.5062465245858209
1725,0.41862690733656766
1726,0.2354483319617342
1727,0.2207561231538285
1728,0.2781447214857481
1729,0.29770810009387677
1730,0.41533041136674564
1731,0.15565177329570462
1732,0.2394330863407058
1733,0.21361868118111474
1734,0.8949413776284262
1735,0.9434478701501042
1736,0.29732769124079145
1737,0.2454075212668741
1738,0.31837247515687506
1739,0.895135573066579
1740,0.14900595999693453
1741,0.15710652073585682
1742,0.2727816965062971
1743,0.2585372265010575
1744,0.18978449786309656
1745,0.1760437989943707
1746,0.15712163770592
1747,0.2889775585110216
1748,0.21736365142661204
1749,0.39766880773279856
1750,0.1550481208330873
1751,0.27664535544047314
1752,0.5542835337412665
1753,0.2155159211224739
1754,0.29110243013301856
1755,0.33683997144412714
1756,0.6844507781866099
1757,0.26824423220329807
1758,0.166318954016626
1759,0.33925187376439575
1760,0.7130388270962931
1761,0.4492883156263826
1762,0.1948441375074328
1763,0.31380077477319723
1764,0.1849022207274402
1765,0.5235886609056126
1766,0.23370759790165183
1767,0.23148588554810803
1768,0.12329396017050646
1769,0.2704377369288391
1770,0.27325131620824245
1771,0.9510452091155299
1772,0.1780365170313067
1773,0.1628157166565358
1774,0.1425500015724978
1775,0.11270002461876183
1776,0.26444590900546444
1777,0.531268640362995
1778,0.4241896071697737
1779,0.1955781186955968
1780,0.2138761228060189
1781,0.3081911508335207
1782,0.5915756494258241
1783,0.7269469304227827
1784,0.4475548692721006
1785,0.791273121136968
1786,0.23421997146604479
1787,0.266224812224456
1788,0.20693963459096454
1789,0.2459326225411563
1790,0.47024915255882643
1791,0.07574265515320337
1792,0.20981940590091192
1793,0.154182749760016
1794,0.6173223649553738
1795,0.28656648203497403
1796,0.4301072492456407
1797,0.2014178964815521
1798,0.3674205742387548
1799,0.2741916370589617
1800,0.15122173870526254
1801,0.11125041398201248
1802,0.14200768956312304
1803,0.20978758823632404
1804,0.21521050789077628
1805,0.4676630565058032
1806,0.18440934908469597
1807,0.7942017812969464
1808,0.36475374074244066
1809,0.34248517493900354
1810,0.2612940115835546
1811,0.20840747993137224
1812,0.47069701276355413
1813,0.1325210095560622
1814,0.36124195836396655
1815,0.08946924791830149
1816,0.2897855945462768
1817,0.18568143992763317
1818,0.07853933827493627
1819,0.23432685985164972
1820,0.4512845677677121
1821,0.4898008943273403
1822,0.24346040405363997
1823,0.4772521675752181
1824,0.16625029392691662
1825,0.14739614427860384
1826,0.40334035516971123
1827,0.23221382311050798
1828,0.3862621975300431
1829,0.2535180179606958
1830,0.2907388562227807
1831,0.25512867144878487
1832,0.542261290734122
1833,0.7844777433990839
1834,0.13827378463999862
1835,0.31018157198901575
1836,0.36664320308920556
1837,0.8045370623657608
1838,0.22283632562555364
1839,0.23748890408406192
1840,0.3489002968456012
1841,0.322350587664726
1842,0.7317929591541417
1843,0.4594906391820851
1844,0.4495302285408721
1845,0.22820255090681843
1846,0.2049604773774749
1847,0.6347107352846074
1848,0.18318267432318822
1849,0.6430299709589727
1850,0.12164614341845725
1851,0.14258875724162282
1852,0.13893764036633865
1853,0.17617596321089218
1854,0.395107542408035
1855,0.7897470658736758
1856,0.4943747841134589
1857,0.21276481088898874
1858,0.340530396741785
1859,0.7636729424793267
1860,0.6444720395634349
1861,0.14121571545515108
1862,0.20605346288449766
1863,0.5277005305329358
1864,0.4489877023379292
1865,0.3013491666097826
1866,0.3707824678817997
1867,0.2592959320514744
1868,0.17323315724133376
1869,0.3345695342355568
1870,0.7377597171266137
1871,0.752835383001808
1872,0.198507965314758
1873,0.3354378633697784
1874,0.1716293039743708
1875,0.36259849373361913
1876,0.6706295400009479
1877,0.32906709700799186
1878,0.2692793527454484
1879,0.3212986015096225
1880,0.32150476738723216
1881,0.2909451092828668
1882,0.9316808417800581
1883,0.5488394825516334
1884,0.2211735399395802
1885,0.14868538674243748
1886,0.17509213993018594
1887,0.693652479152887
1888,0.5848492098272619
1889,0.22348736698796118
1890,0.2199838546239003
1891,0.1693502710172955
1892,0.26687123089332265
1893,0.1689775835297484
1894,0.11133079206405486
1895,0.34566294498029615
1896,0.2550666453722951
1897,0.20944916523444954
1898,0.17547146812959616
1899,0.8888030485590359
1900,0.19668394506093892
1901,0.7502624291089163
1902,0.22786202926988233
1903,0.16161319699684193
1904,0.6035203708695702
1905,0.18983237055919908
1906,0.20089481679421195
1907,0.31186822464797553
1908,0.7851033519069297
1909,0.21604163068705776
1910,0.3310698906676936
1911,0.3126668397435424
1912,0.31309383983798605
1913,0.14351511059491132
1914,0.17185599599994056
1915,0.918164303996516
1916,0.2776798957691645
1917,0.37685972848293314
1918,0.14534322011282996
1919,0.3112222432352082
1920,0.7514427499071782
1921,0.2575160322972949
1922,0.18881619504232913
1923,0.5492882600378511
1924,0.48881831014469845
1925,0.5589253987437559
1926,0.2532391712719797
1927,0.2146411519058922
1928,0.7478172252630438
1929,0.17750031465488714
1930,0.20845373824662697
1931,0.3697117649981269
1932,0.31339786991713237
1933,0.1767533550250527
1934,0.29156020482031764
1935,0.49461998915207
1936,0.16563671084653342
1937,0.2993247630247516
1938,0.1560281346754924
1939,0.2019474187732751
1940,0.46535138901668216
1941,0.5685165401098674
1942,0.19115475336947987
1943,0.3711539593914932
1944,0.7269380093496087
1945,0.21822898721624026
1946,0.1325254966236973
1947,0.5307417079618784
1948,0.7071443083984399
1949,0.7889003522548258
1950,0.5704158586101614
1951,0.20661244159762923
1952,0.23407466071375044
1953,0.14892615912856155
1954,0.18815344183496768
1955,0.4615738003187901
1956,0.7360857826456791
1957,0.3728256713802135
1958,0.16533527765431238
1959,0.5686968928279684
1960,0.20093740087446194
1961,0.4510247100491954
1962,0.29793391455829626
1963,0.16473046210416248
1964,0.24363091988784336
1965,0.1578347447825321
1966,0.8441887024827889
1967,0.9496096697227456
1968,0.3318622727835975
1969,0.46837771652669
1970,0.2851983247417584
1971,0.8511274367098193
1972,0.2399118438990337
1973,0.43944299777240453
1974,0.7408411702941519
1975,0.7463253237371668
1976,0.2529695462459484
1977,0.22890210257911828
1978,0.24551160256480228
1979,0.8823435324472855
1980,0.18626959027968906
1981,0.2585456867010538
1982,0.2368390198260448
1983,0.1723380182169481
1984,0.186620936293244
1985,0.21401451881698424
1986,0.6221802556747957
1987,0.6526497829260914
1988,0.17108221961121903
1989,0.8305929514830926
1990,0.3070082976217757
1991,0.19460231152948534
1992,0.7902060421682465
1993,0.13482931720758246
1994,0.1717347470503969
1995,0.4668294460172923
1996,0.3478839384366494
1997,0.6023403761390076
1998,0.4388871939789626
1999,0.2765916557358077
2000,0.3606715564421437
2001,0.12798242006101518
2002,0.25917795247503084
2003,0.6939390665050202
2004,0.21228322649267842
2005,0.15068628568007225
2006,0.3294397697285186
2007,0.13626362369659795
2008,0.21951752466523192
2009,0.1956728491541942
2010,0.21320147213564655
2011,0.24230444003495571
2012,0.24955859228508012
2013,0.7878270510124299
2014,0.8174367349147845
2015,0.25091793858442923
2016,0.2646497999466036
2017,0.6291317413956812
2018,0.40859391900259157
2019,0.10667195677313747
2020,0.25122515268871426
2021,0.7552539965915822
2022,0.21435832801523577
2023,0.3620906496597991
2024,0.17533824248241603
2025,0.485143844529757
2026,0.2292897443904357
2027,0.21113524702079847
2028,0.4620999735124729
2029,0.36829651818189224
2030,0.1962350680853627
2031,0.34848256369093406
2032,0.2240673473625353
2033,0.4770949922666767
2034,0.3635764533786022
2035,0.3303654844948675
2036,0.24511389113451626
2037,0.5111740102614415
2038,0.8771711696607739
2039,0.10855217302216491
2040,0.3719922896620522
2041,0.9626546144345839
2042,0.3025966688377613
2043,0.5967046982472469
2044,0.416188848202187
2045,0.15180094384320883
2046,0.19864225277531
2047,0.8374167319378566
2048,0.9278994798589167
2049,0.3205933244331404
2050,0.9505620792369235
2051,0.14307558397897222
2052,0.5918331304095011
2053,0.19107691504123542
2054,0.22695463834704133
2055,0.8455518435934883
2056,0.19465844413258915
2057,0.3372922149999156
2058,0.6251800306773645
2059,0.2627878919599502
2060,0.15173734516808973
2061,0.17315350377036226
2062,0.14867708636663163
2063,0.4900433706220131
2064,0.18275565256605628
2065,0.19002881663879628
2066,0.4409662364945891
2067,0.8215854316128445
2068,0.36625591272608315
2069,0.28476898980778875
2070,0.4027399148115312
2071,0.8681257307159218
2072,0.7376359815725924
2073,0.1984919807196966
2074,0.2170348336269227
2075,0.1631649076559285
2076,0.3273692166013154
2077,0.23106899972732842
2078,0.9855757926518773
2079,0.3661687267210331
2080,0.26487746437881815
2081,0.20795994367422282
2082,0.3988166769024377
2083,0.806820180686309
2084,0.1785748891019385
2085,0.1449165285040386
2086,0.18412354731178068
2087,0.3072232990453766
2088,0.9394095591315798
2089,0.8188753788776797
2090,0.14822890585343823
2091,0.20832048159603106
2092,0.19930526271662527
2093,0.33238089533459403
2094,0.9559022252687656
2095,0.2130447765147442
2096,0.294000790344077
2097,0.3456577454032205
2098,0.14792434174156835
2099,0.13540095205084937
2100,0.6075745791073783
2101,0.19318024827966632
2102,0.4333639094594835
2103,0.26761924208204446
2104,0.24514335213454586
2105,0.7893834668676034
2106,0.7002907741020507
2107,0.19718162067846803
2108,0.3959885314140891
2109,0.48398522087900275
2110,0.6019330867995075
2111,0.8607549611348765
2112,0.5484664316206872
2113,0.8131136725996754
2114,0.25442021545612686
2115,0.30801712121022484
2116,0.2246042168698461
2117,0.7951958518000447
2118,0.2695701715909437
2119,0.17270390606995706
2120,0.11374912839783835
2121,0.3148436339871007
2122,0.1606015557027366
2123,0.45300475729403056
2124,0.23208250635312105
2125,0.6702931229702077
2126,0.19212662480271753
2127,0.1837052308002931
2128,0.1717765621555377
2129,0.28181621854258027
2130,0.8835419282599085
2131,0.6365898231230401
2132,0.20708654863354675
2133,0.3498943879994292
2134,0.34997879364241596
2135,0.340279033696906
2136,0.3755652498052683
2137,0.9711781555902695
2138,0.279247595386101
2139,0.25166467956324534
2140,0.2432868418886634
2141,0.39579459724766564
2142,0.771926410705188
2143,0.3202501721936923
2144,0.20754837896012487
2145,0.20212318603246904
2146,0.7675589969130195
2147,0.15386553762696692
2148,0.6328527074758594
2149,0.4114431221927019
2150,0.23071627613772058
2151,0.3545092017398014
2152,0.4500821375033446
2153,0.5939419141379279
2154,0.2749988187719702
2155,0.17250089021869022
2156,0.10046584736402711
2157,0.25700578739614216
2158,0.38775616698823934
2159,0.2075508994021682
2160,0.20725971553097305
2161,0.13900879352600967
2162,0.34695954254898453
2163,0.7853611270825797
2164,0.20942325742218154
2165,0.19846871567544352
2166,0.16569320503250215
2167,0.14088832769716264
2168,0.26759222609673533
2169,0.8138150365820753
2170,0.17502020630694043
2171,0.1664686720785919
2172,0.20825648815112904
2173,0.41077345385345526
2174,0.2585142388436863
2175,0.5800609939709471
2176,0.2635556250933993
2177,0.3980050100089817
2178,0.15535156163934166
2179,0.1666219106054229
2180,0.5
2181,0.18152593070314663
2182,0.45925234864995484
2183,0.17826167721331126
2184,0.6100460597069572
2185,0.4708750612780794
2186,0.17268215215908028
2187,0.2069897823354661
2188,0.2571660731923047
2189,0.5582553814876811
2190,0.16846271400370733
2191,0.33092721719059465
2192,0.8067797388729857
2193,0.15100154192283216
2194,0.3801775011940893
2195,0.19170296957850474
2196,0.2544720926185672
2197,0.3773597160283387
2198,0.8864244937511051
2199,0.7506502304730897
2200,0.3627998981071484
2201,0.26022502995014757
2202,0.19250348648096643
2203,0.14749959390726827
2204,0.7213075808702525
2205,0.25030651533604115
2206,0.20976212749408688
2207,0.2120324374730294
2208,0.1901607025279597
2209,0.2597641603513814
2210,0.2330258896357198
2211,0.10873742439690873
2212,0.32979562177146726
2213,0.2828371379289622
2214,0.2429542966174288
2215,0.15786252970598158
2216,0.6838592892221002
2217,0.15827138888194833
2218,0.11782305258743132
2219,0.5
2220,0.18408490122913443
2221,0.22940724011604133
2222,0.47582535552357486
2223,0.45696776040722525
2224,0.22811140292112375
2225,0.1663248100037738
2226,0.23652512393865166
2227,0.10394032740613662
2228,0.9522455788433898
2229,0.519893778724824
2230,0.23624768338683932
2231,0.1564349237160177
2232,0.1542739052399296
2233,0.840275360734864
2234,0.2645756862331239
2235,0.1996490323368962
2236,0.19139920815294242
2237,0.8116916637283746
2238,0.3822434319700238
2239,0.196155875263645
2240,0.13665179636574798
2241,0.1627440732185936
2242,0.23792404406170956
2243,0.23558406949140417
2244,0.25351153801729664
2245,0.3120710019703611
2246,0.2561941585416422
2247,0.1694976957093427
2248,0.18537925205420241
2249,0.21902371994101236
2250,0.3984237010822956
2251,0.47713473822948665
2252,0.2108040651645775
2253,0.7382343634579986
2254,0.6004275471151934
2255,0.6011901779406922
2256,0.5958488867002653
2257,0.29516543752851393
2258,0.1812317226430571
2259,0.25613775507144015
2260,0.7746202147705311
2261,0.8444223289072544
2262,0.302485796023867
2263,0.16979036704390146
2264,0.9734753626196317
2265,0.2751801252416633
2266,0.7407078608560886
2267,0.619524435084642
2268,0.6441818937002646
2269,0.3115268559154417
2270,0.35525388910993655
2271,0.26494850402730685
2272,0.11292640813179389
2273,0.42819870364239293
2274,0.56428967939877
2275,0.8513572663838453
2276,0.6655443443594977
2277,0.5915599990943602
2278,0.34730058698655586
2279,0.24318559588568747
2280,0.8931505262060294
2281,0.7576966125554282
2282,0.3231924044438594
2283,0.14048269027477558
2284,0.5
2285,0.3339261111510279
2286,0.3026935099000689
2287,0.2328555510042979
2288,0.7222528241401954
2289,0.3677680656406869
2290,0.18594966084574507
2291,0.1799437388037584
2292,0.8795919113370685
2293,0.44886491104866555
2294,0.4757734436552655
2295,0.10470378646025623
2296,0.1320987155337031
2297,0.19809859393050205
2298,0.8466442615381696
2299,0.2161009521033463
2300,0.3157207727883808
2301,0.1589160492307298
2302,0.08072402972640214
2303,0.8255832035955251
2304,0.21523262209047672
2305,0.6473399265424921
2306,0.39817611780560275
2307,0.7297349663687458
2308,0.13592712925182374
2309,0.6752104505453226
2310,0.24098816999258574
2311,0.31215512715394245
2312,0.5501965992697605
2313,0.16416883283920428
2314,0.3490627713493605
2315,0.24729866358901587
2316,0.24887306871698828
2317,0.7214863744589225
2318,0.7732529142825189
2319,0.2001776437211519
2320,0.1621302513023359
2321,0.27751537052651515
2322,0.7502349842603917
2323,0.4908702348949208
2324,0.19382493674377646
2325,0.17818976942418985
2326,0.7962563816616995
2327,0.9806165360941023
2328,0.3350615820795605
2329,0.3792000397989809
2330,0.8163586371148055
2331,0.22759678989369758
2332,0.19867040595157384
2333,0.3191501624718235
2334,0.1438971616970481
2335,0.20230493131406524
2336,0.8131532388897431
2337,0.23457502591245993
2338,0.11339892492449835
2339,0.18607951271221718
2340,0.30051784986350866
2341,0.1477327381510606
2342,0.21361522599515817
2343,0.21605795689351692
2344,0.8359255510723822
2345,0.20097502989320273
2346,0.23596032593026142
2347,0.17656133771860139
2348,0.16106966136991172
2349,0.27485943137198227
2350,0.16728086967352201
2351,0.1359122165982433
2352,0.16808423533921674
2353,0.22128848148802782
2354,0.14635097854236354
2355,0.21173900370693222
2356,0.7161662750238369
2357,0.16108678100761153
2358,0.43224909726319566
2359,0.21826877824453403
2360,0.23166345633610164
2361,0.1796647956660879
2362,0.713227106451453
2363,0.1491894811559388
2364,0.4567329234330707
2365,0.2498020368430337
2366,0.30956482111769035
2367,0.21348842408396593
2368,0.29913125645204725
2369,0.24883817931020719
2370,0.1452287520870123
2371,0.2328403234943193
2372,0.2415754311649196
2373,0.2032044523465512
2374,0.9013350721453907
2375,0.32099885104357095
2376,0.2336948101274859
2377,0.16418921574750286
2378,0.24072915180467344
2379,0.25629773365655717
2380,0.16312136812678243
2381,0.7877649166865227
2382,0.22083556788058997
2383,0.24295495277213594
2384,0.44079158728424456
2385,0.33302189233874924
2386,0.24052424042308612
2387,0.8414939689328549
2388,0.3026939655675714
2389,0.17238366104871883
2390,0.8492437855925211
2391,0.7631557504113974
2392,0.14755757768131203
2393,0.8777213091284057
2394,0.15184687387625692
2395,0.13930737473176277
2396,0.27070332812181686
2397,0.28133685922677415
2398,0.22539612726422195
2399,0.19819956595674115
2400,0.20049672013171943
2401,0.19275211681619323
2402,0.18139185316914938
2403,0.38376548067567096
2404,0.7523983173078582
2405,0.20874807190223815
2406,0.17887262201489876
2407,0.2108364510896572
2408,0.16861448590235223
2409,0.24692591166138042
2410,0.20008831821621914
2411,0.13434914665495298
2412,0.7548854875781972
2413,0.45096493604243726
2414,0.11456470377040354
2415,0.13626519287394898
2416,0.6985606510585
2417,0.5738234690902135
2418,0.3190234844146789
2419,0.40965768568235217
2420,0.21177721483121334
2421,0.15033925026450518
2422,0.14533058630096302
2423,0.9789229061644993
2424,0.26358207773783415
2425,0.3621804446245884
2426,0.18837772626500468
2427,0.8721442158372992
2428,0.38253045849754536
2429,0.8339188488117373
2430,0.17989482219548775
2431,0.2216458220201015
2432,0.3039878030514402
2433,0.21252304478434408
2434,0.7759247451428493
2435,0.2969296702156399
2436,0.941855216118516
2437,0.18959823984399451
2438,0.4076535887296909
2439,0.18384689846763624
2440,0.17157607691111382
2441,0.5
2442,0.2336863260275349
2443,0.15023908582360732
2444,0.39056691400554483
2445,0.29559859410175343
2446,0.7374573118853365
2447,0.16265983338836812
2448,0.2665559969026442
2449,0.8559387763806213
2450,0.9620766838090942
2451,0.6212166454478154
2452,0.23981701978315784
2453,0.1648364560379962
2454,0.2951884533530751
2455,0.20184576240925708
2456,0.4454429421341373
2457,0.21566186607735288
2458,0.5239764747641975
2459,0.22251982938342366
2460,0.20642507200447063
2461,0.1357335336387719
2462,0.21934589972621002
2463,0.5760990122218248
2464,0.1309242164195915
2465,0.42155854353847444
2466,0.10888150073819773
2467,0.11900506230773532
2468,0.7819129879349306
2469,0.3426067454099781
2470,0.2197738631942292
2471,0.26369711698582454
2472,0.18461339483209743
2473,0.11189891806117305
2474,0.23749708901183228
2475,0.29976565641577757
2476,0.19219157980122983
2477,0.18948226353448455
2478,0.3568941432179857
2479,0.18406531011128244
2480,0.24605881611540645
2481,0.24679394067124336
2482,0.16460419282705713
2483,0.14093697476576084
2484,0.2315844742409127
2485,0.2930509198509014
2486,0.8825045520620375
2487,0.23924649185483032
2488,0.13851946812127577
2489,0.9046816389363581
2490,0.7716571986140381
2491,0.20655164010882246
2492,0.7491312371469313
2493,0.15520895861542233
2494,0.8609714034051423
2495,0.2646546104605472
2496,0.1772122026440053
2497,0.15773072195693705
2498,0.5204650769083036
2499,0.6399107247853154
